,prazo,preco,frete,cep_prefixo,product_name_lenght,product_description_lenght,product_photos_qty,product_weight_g,product_length_cm,product_height_cm,product_width_cm,hora,convertido
count,22613872.0,22613872.0,22613872.0,22613872.0,22196560.0,22196560.0,22196560.0,22612504.0,22612504.0,22612504.0,22612504.0,22613872.0,22613872.0
mean,14.992615859858056,1149.1640511629328,1580.846291161162,36556.642501558264,48.473760618762526,770.7363335579921,2.1881167171850073,2278.4394520836795,30.824248743084798,16.933480343441843,23.201314812371074,11.523020648564735,0.1632265363490161
max,29.0,1999.0,3000.0,99990.0,76.0,3992.0,20.0,40425.0,105.0,105.0,118.0,23.0,1.0
min,1.0,300.0,100.1570795681,1001.0,5.0,4.0,1.0,0.0,7.0,2.0,6.0,0.0,0.0
std,8.365281216098294,490.8682805823649,832.1757471703925,30543.687102373355,10.247812286554685,633.9769904936118,1.7361647137194354,4282.605729425213,16.930250011453218,13.625395413204739,12.073762714296826,0.0,0.3693083472223048
